Name,School,Class,Section,Gender,Geom 1,Sets 1,Geom 2,Sets 2,Real Numbers 1,Parallel Lines 1,Parallel Lines 2,Real Numbers 2,Real Numbers 3,Real Numbers 4,Parallel Lines 3,Parallel Lines 4,Triangles 1,Polynomials 1,Triangles 2,Polynomials 2,Polynomials 3
Krishnakumar Melinmani,Anjali EMS,9,A,M,,8,,4.5,8.5,,,1,4,10,,,,4,,0,2.5
Akash Naskar,Anjali EMS,9,A,M,,,,7,10,,,,4,11,,,,8.5,,6,4
Shikha Shahi,Anjali EMS,9,A,F,,12,,8,10,,,5,8,16,,,,10,,6,4
Shubhangi Hirmukhe,Anjali EMS,9,A,F,,11,,8,13.5,,,5,6,18,,,,10,,6,4
Satish Rathod,Anjali EMS,9,A,M,,6,,8,12.5,,,1,,9,,,,4,,3.5,3
Sakshi Tilekar,Anjali EMS,9,A,F,,8,,8,7,,,5,7,13.5,,,,9.5,,2.5,2.5
Sakshi Katariya,Anjali EMS,9,A,F,,11,,8,12.5,,,5,7,6,,,,8,,6.5,4
Ramswaroop Jangid,Anjali EMS,9,A,M,,3,,5,12.5,,,4,4.5,7.5,,,,4,,1.5,2
Muskan Valmiki,Anjali EMS,9,A,F,,1,,3.5,10,,,1,,5.5,,,,9.5,,0.5,1.5
Priyanka Rajpurohit,Anjali EMS,9,A,F,,13,,8,3,,,1,6,8.5,,,,9,,0.5,1.5
Sakshi Mohite,Anjali EMS,9,A,F,,11,,7,10.5,,,5,,10,,,,9,,7,4
Sujal Varma,Anjali EMS,9,A,M,,3,,8,10,,,5,4,7.5,,,,5.5,,2,2
Rohit Bhosale,Anjali EMS,9,A,M,,9,,6.5,7.5,,,4,6,12,,,,9.5,,3.5,2.5
Suyog Sakore,Anjali EMS,9,A,M,,7,,8,11,,,2,5.5,12.5,,,,6,,3.5,2.5
Pratyush Jagtap,Anjali EMS,9,A,M,,14,,8,12.5,,,,7.5,18,,,,10,,7.5,4
Netra Athavle,Anjali EMS,9,A,F,,,,,,,,5,,,,,,,,,1
Nimit Prajapati,Anjali EMS,9,A,M,,2,,8,3.5,,,0,3,4.5,,,,3,,1,1
Komal Kasurde,Anjali EMS,9,A,F,,4,,6,9,,,4,6,,,,,5.5,,2.5,1.5
Farman Khan,Anjali EMS,9,A,M,,0,,3,5.5,,,0,,,,,,,,0,0.5
Mohamad Adil Pirjade,Anjali EMS,9,A,M,,2,,8,,,,0,,5.5,,,,,,0,0.5
Robinsingh Bisht,Anjali EMS,9,A,M,,2,,6,4.5,,,1,1.5,3,,,,1.5,,0,0.5
Yash Dombale,Anjali EMS,9,A,M,,10,,4.5,7.5,,,4,2.5,6,,,,5.5,,0,0.5
Harshita Parmar,Anjali EMS,9,A,F,,10,,7,9,,,5,7,11.5,,,,8.5,,4,2
Rinki Sharma,Anjali EMS,9,A,F,,11,,5,9.5,,,1,6.5,10.5,,,,7.5,,4,2
Sachin Jangid,Anjali EMS,9,A,M,,14,,8,12.5,,,5,7,18,,,,10,,8,3.5
Mahek Sayyed,Anjali EMS,9,A,F,,12,,6.5,10,,,5,6,11.5,,,,10,,7,3
Riya Jat,Anjali EMS,9,A,F,,11,,4,7,,,3,6.5,10,,,,9,,3.5,1.5
Arpita D'souza,Anjali EMS,9,A,F,,,,4,,,,,4,,,,,2.5,,0,0
Tejas Kadam,Anjali EMS,9,A,M,,11,,,,,,,,8,,,,7.5,,5.5,2
Tameshwar Sahu,Anjali EMS,9,A,M,,7,,4,4.5,,,0,0,3,,,,2.5,,2,0
Sachin Kumawat,Anjali EMS,9,A,M,,3,,,5,,,1,3.5,8,,,,2,,4,0.5
Aniket Salunke,Anjali EMS,9,A,M,,2,,8,7,,,4.5,5,6.5,,,,4.5,,0,
Ashish Shukla,Anjali EMS,9,A,M,,7,,-1,8.5,,,0,1.5,5,,,,1,,0,
Khushi Vaishnav,Anjali EMS,9,A,F,,,,5.5,6.5,,,5,3.5,,,,,,,,
Nida Attar,Anjali EMS,9,A,F,,3,,8,5.5,,,0.5,3.5,6,,,,,,,
Rahul Astage,Anjali EMS,9,A,M,,,,0,0,,,,,,,,,0,,1.5,
Sangeeta Mansurpali,Anjali EMS,9,A,F,,,,,,,,,,,,,,,,,
Simran Salve,Anjali EMS,9,A,F,,,,5,3.5,,,5,4,5.5,,,,5,,0,
Tushar Panwar,Anjali EMS,9,A,M,,,,5,12.5,,,4,0.5,5.5,,,,,,1,
Abhishek Jadhav,Anjali EMS,9,B,M,5,,3,,,,,,,,3.5,4,5,,8,,
Afreen Shaikh,Anjali EMS,9,B,F,4,,1,,,9,0.5,,,,2,2.5,2.5,,4,,
Akash Jangid,Anjali EMS,9,B,M,10,,4,,,10,5,,,,8,5.5,9,,8.5,,
Akshata Pota,Anjali EMS,9,B,F,5,,4,,,5,2.5,,,,3,3,,,4.5,,
Anjali Singh,Anjali EMS,9,B,F,4,,2,,,,1.5,,,,1,3,2,,6.5,,
Ashish Konale,Anjali EMS,9,B,M,11,,4,,,,5,,,,7.5,7,,,7.5,,
Azruddin Shaikh,Anjali EMS,9,B,M,7,,5,,,10,1,,,,2.5,,3.5,,6,,
Bilal Kakar,Anjali EMS,9,B,M,12,,5,,,10,4.5,,,,7.5,6,10,,9,,
Gulamgous Shaikh,Anjali EMS,9,B,M,3,,0,,,2,,,,,0.5,1,2,,9,,
Hasti Kansagara,Anjali EMS,9,B,F,9,,2,,,10,0.5,,,,2.5,4.5,2,,7,,
Juber Shaikh,Anjali EMS,9,B,M,3,,-1,,,10,,,,,,,2,,8,,
Khushi Barwasa,Anjali EMS,9,B,F,7,,2,,,,1.5,,,,1.5,,2,,6.5,,
Kunal Tak,Anjali EMS,9,B,M,11,,5,,,5,3,,,,3.5,5,4.5,,7.5,,
Manish Choudhary,Anjali EMS,9,B,M,5,,4,,,10,4.5,,,,4.5,,7,,9,,
Manisha Choudhary,Anjali EMS,9,B,F,10,,4,,,10,4.5,,,,3,5,2.5,,5,,
Nayan ,Anjali EMS,9,B,M,,,2,,,9,,,,,0.5,0.5,1.5,,7,,
Prasad Palvade,Anjali EMS,9,B,M,10,,5,,,10,4,,,,5,7,7,,6.5,,
Aafreen Shaikh,Anjali EMS,9,C,F,10,,6,,,5,3,,,,5.5,4,10,,8.5,,
Pratik Gugale,Anjali EMS,9,B,M,6,,3,,,10,1.5,,,,4.5,4,1.5,,7,,
Pratiksha Mohite,Anjali EMS,9,B,F,1,,0,,,6,1,,,,0,1.5,1,,4,,
Raghoba Desai,Anjali EMS,9,B,M,7,,,,,8,0.5,,,,2.5,,1.5,,7,,
Rahul Phad,Anjali EMS,9,B,M,2,,-1,,,9,,,,,1,2.5,3,,7,,
Ranjanadevi Garg,Anjali EMS,9,B,F,4,,4,,,8,1.5,,,,2,2,2,,4,,
Rishi ,Anjali EMS,9,B,M,12,,0,,,10,0.5,,,,1,2,1,,7.5,,
Sadiya Shaikh,Anjali EMS,9,B,F,2,,2,,,,0,,,,2.5,3,1.5,,5,,
Sahil Anil Thakur,Anjali EMS,9,B,M,,,,,4.5,,,1,1,,,,0,,,,
Sandip Paswan,Anjali EMS,9,B,M,2,,0,,,7,0.5,,,,0.5,0.5,4.5,,9,,
Sangam Gupta,Anjali EMS,9,B,M,3,,5,,,9,1,,,,4,5,5,,4.5,,
Sneha Thakur,Anjali EMS,9,B,F,10,,2,,,,1.5,,,,4,5,2.5,,5,,
Sujal P,Anjali EMS,9,B,M,12,,0,,,,0,,,,,2,2,,9,,
Sujal Walmiki,Anjali EMS,9,B,M,,,,,,7,3,,,,,,,,,,
Suleman Magare,Anjali EMS,9,B,M,3,,5,,,10,0.5,,,,,3.5,2.5,,7.5,,
Taffazal Pathan,Anjali EMS,9,B,M,5,,5,,,10,,,,,,,3.5,,9,,
Tushar Mule,Anjali EMS,9,B,M,2,,,,,10,0,,,,3.5,1,1.5,,6.5,,
Ujjawal Singh,Anjali EMS,9,B,M,3,,4,,,10,1.5,,,,1,,2.5,,8,,
Uttamsingh Gusain,Anjali EMS,9,B,M,10,,6,,,10,4,,,,9.5,9.5,7,,9,,
Yashraj Pillay,Anjali EMS,9,B,M,7,,4,,,10,0,,,,0.5,3.5,4,,9,,
Yasmin Sayyad,Anjali EMS,9,B,F,8,,2,,,10,3,,,,3.5,4.5,4,,6,,
Ankita Chowki,Anjali EMS,9,C,F,9,,4,,,8,3,,,,4.5,4.5,5,,,,
Ankita Raula,Anjali EMS,9,C,F,9,,4,,,2,2,,,,4.5,3.5,8,,4,,
Anuja Gurav,Anjali EMS,9,C,F,7,,6,,,10,0,,,,2.5,3.5,4.5,,4,,
Aryan Singh,Anjali EMS,9,C,M,3,,4,,,9,1.5,,,,3.5,3,4.5,,,,
Bhagirath Rathore,Anjali EMS,9,C,M,3,,,,,1,,,,,1,,1,,,,
Bhavesh Vyawahare,Anjali EMS,9,C,M,2,,,,,10,,,,,0,3.5,2,,,,
Chaitanya Bhandwale,Anjali EMS,9,C,M,2,,0,,,3,0,,,,2.5,,1,,,,
Devang Shinde,Anjali EMS,9,C,M,3,,,,,5,0.5,,,,2.5,,5,,4,,
Ganesh Dashwant,Anjali EMS,9,C,M,12,,,,,9,3.5,,,,8.5,7,10,,9,,
Ganesh Yelmala,Anjali EMS,9,C,M,2,,-1,,,10,,,,,0.5,0.5,,,3,,
Hibah Shaikh,Anjali EMS,9,C,F,8,,6,,,10,5,,,,4.5,4,8.5,,6.5,,
Huzef Shaikh,Anjali EMS,9,C,M,1,,0,,,,0,,,,0,0,,,2.5,,
Kailash Puri,Anjali EMS,9,C,M,,,5,,,4,3.5,,,,7.5,6,9,,9,,
Komal Singh,Anjali EMS,9,C,F,11,,6,,,10,5,,,,8.5,6,10,,8,,
Laxmi Dhendwal,Anjali EMS,9,C,F,4,,2,,,6,,,,,0.5,1,3,,4.5,,
Mantasha Shaikh,Anjali EMS,9,C,F,,,,,,8,2,,,,2.5,3,,,5.5,,
Naaz Mulani,Anjali EMS,9,C,F,10,,3,,,8,0.5,,,,5.5,2.5,5.5,,5,,
Omkar Gaikwad,Anjali EMS,9,C,M,,,0,,,2,,,,,1,3,1,,,,
Pooja Choudhary,Anjali EMS,9,C,F,7,,2,,,8,0,,,,3.5,2.5,1,,5.5,,
Pooja Jangid,Anjali EMS,9,C,F,7,,6,,,7,0.5,,,,5,5,9,,7,,
Prakruti Singh,Anjali EMS,9,C,F,11,,1.5,,,10,5,,,,4,2.5,5,,4.5,,
Pranav Kulkarni,Anjali EMS,9,C,M,4,,1,,,9,0,,,,,4.5,5,,7.5,,
Prem Sutar,Anjali EMS,9,C,M,8,,,,,4,5,,,,4.5,5,2,,4,,
Priyanka Parmar,Anjali EMS,9,C,F,4,,3,,,6,0.5,,,,1,2,3,,4.5,,
Ravi Paswan,Anjali EMS,9,C,M,12,,6,,,,2.5,,,,8.5,6.5,8,,7,,
Rohit Jediya,Anjali EMS,9,C,M,2,,4.5,,,10,,,,,0.5,0,1,,,,
Sana Khan,Anjali EMS,9,C,F,4,,2,,,10,0,,,,3,2.5,0,,4,,
Sanskruti Langi,Anjali EMS,9,C,F,10,,5.5,,,10,3,,,,,7,7.5,,8,,
Shripad Shetve,Anjali EMS,9,C,M,7,,6,,,5,3.5,,,,2.5,2.5,,,8,,
Sidrah Shaikh,Anjali EMS,9,C,F,8,,5,,,8,3,,,,2,3.5,9,,5,,
Sneha Kakade,Anjali EMS,9,C,F,10,,6,,,6,2.5,,,,1,2.5,4.5,,5,,
Srushti Sable,Anjali EMS,9,C,F,7,,3,,,10,1.5,,,,2,2,5,,5,,
Sudeep Hadpad,Anjali EMS,9,C,M,3,,6,,,10,3,,,,6.5,4.5,5,,4,,
Umer Mulla,Anjali EMS,9,C,M,,,,,,,1.5,,,,2.5,4.5,1,,,,
Vaishnavi Thakur,Anjali EMS,9,C,F,,,3,,,8,0,,,,3,1.5,1,,3.5,,
Vinit Mohite,Anjali EMS,9,C,M,6,,-1,,,10,5,,,,4.5,7,5,,4,,
Yohan Shinde,Anjali EMS,9,C,M,4,,5,,,10,2.5,,,,1,,4.5,,3.5,,
Yuvraj Boladra,Anjali EMS,9,C,M,2,,1,,,8,2.5,,,,1.5,,1,,3.5,,